profile,age,experiences,verified_rules,active_evolved_rules,genealogy_nodes,genealogy_max_generation,proposed_tests,resolved_tests,symbolic_accuracy,abstention_accuracy,contradiction_rate,worldview_beliefs,personal_symbols,elapsed_seconds
balanced,0,0,0,0,0,0,0,0,0.0,1.0,0.0,0,0,7.161259462999965
balanced,10,250,0,5,81,12,7,6,0.8333333333333334,1.0,0.0,30,2,7.161259462999965
balanced,20,500,0,6,159,22,3,10,1.0,1.0,0.0,30,2,7.161259462999965
balanced,30,750,0,6,238,32,3,10,1.0,1.0,0.0,30,2,7.161259462999965
balanced,40,1000,0,6,318,42,3,10,1.0,1.0,0.0,30,2,7.161259462999965
conservative,0,0,0,0,0,0,0,0,0.0,1.0,0.0,0,0,6.9450128279999035
conservative,10,250,0,5,81,12,10,5,0.8333333333333334,1.0,0.0,30,2,6.9450128279999035
conservative,20,500,0,5,161,22,6,9,0.8333333333333334,1.0,0.0,30,2,6.9450128279999035
conservative,30,750,0,5,240,32,5,10,0.8333333333333334,1.0,0.0,30,2,6.9450128279999035
conservative,40,1000,0,6,320,42,5,10,1.0,1.0,0.0,30,2,6.9450128279999035
exploratory,0,0,0,0,0,0,0,0,0.0,1.0,0.0,0,0,5.749296330999982
exploratory,10,250,0,6,79,12,5,8,1.0,1.0,0.0,30,2,5.749296330999982
exploratory,20,500,0,6,158,22,3,10,1.0,1.0,0.0,30,2,5.749296330999982
exploratory,30,750,0,6,236,32,3,10,1.0,1.0,0.0,30,2,5.749296330999982
exploratory,40,1000,0,6,315,42,3,10,1.0,1.0,0.0,30,2,5.749296330999982
